Mannen;Vrouwen
0.524894442;0.475105558