Mannen;Vrouwen
0.502705381;0.497294619